{
  "n_perturbations": 843,
  "n_shared_genes": 2832,
  "single_pert_matched_cosine_median": 0.34820295182454186,
  "single_pert_shuffgene_null_95": 0.0580053321750567,
  "common_essential_direction_cosine": 0.6416408096941811,
  "matched_cosine_after_deflation_median": 0.24417345811365504,
  "gene_specific_frac_p05": 0.6915776986951364,
  "within_K562_residual_median": 0.6079170080953631,
  "cross_K562tgt_RPE1basis_residual_median": 0.865285472557875,
  "within_RPE1_residual_median": 0.37306910299383866,
  "cross_RPE1tgt_K562basis_residual_median": 0.6827881020107605,
  "verdict_agreement_K562targets": 0.9928825622775801,
  "verdict_agreement_RPE1targets": 1.0,
  "recipe_jaccard_sametarget_median": 0.1111111111111111,
  "recipe_jaccard_null_95": 0.05263157894736842,
  "recipe_frac_above_null": 0.6488730723606169,
  "recipe_jaccard_crossbasis_median": 0.05263157894736842
}