{
  "target": "toward_Th1",
  "condition": "Rest",
  "n_readout": 6188,
  "n_generators": 6871,
  "reachable_cosine": 0.6266290274312786,
  "residual_norm": 0.7793176900215535,
  "lof_fraction": 0.39266393801947014,
  "gof_fraction": 0.25349258987294027,
  "neither_fraction": 0.35384347210758993,
  "signed_cosine": 0.8065599069011596,
  "kkt_viol": 1.0128869542291165e-11,
  "lof_support_size": 715,
  "gof_support_size": 1335,
  "greedy_order": [
    "LAT2",
    "APPBP2",
    "RARA",
    "ICOS",
    "SNAP23",
    "SNX4",
    "VTI1A",
    "HEXIM1",
    "MUTYH",
    "HPS1"
  ],
  "seconds": 45.7,
  "heldout_cosine": 0.4464114605104187,
  "heldout_null_mean": 0.0055602248759750415,
  "heldout_null_std": 0.009786679365497961,
  "heldout_z": 45.04604873320201,
  "n_heldout_shuffles": 8,
  "null_seconds": 83.4
}