{
  "target": "toward_older",
  "condition": "Stim48hr",
  "n_readout": 6014,
  "n_generators": 7195,
  "reachable_cosine": 0.5662342507172752,
  "residual_norm": 0.8242443650487674,
  "lof_fraction": 0.3206212266853539,
  "gof_fraction": 0.2548881432741509,
  "neither_fraction": 0.4244906300404948,
  "signed_cosine": 0.76293874981328,
  "kkt_viol": 3.745079043664767e-12,
  "lof_support_size": 721,
  "gof_support_size": 1291,
  "greedy_order": [
    "ZAP70",
    "SMG1",
    "CROT",
    "WDFY1",
    "CD5",
    "C1D",
    "KEAP1",
    "MLLT6",
    "KYAT1",
    "TRIM14"
  ],
  "seconds": 46.3,
  "heldout_cosine": 0.33086762363873706,
  "heldout_null_mean": 0.22146346007698312,
  "heldout_null_std": 0.015829116374292577,
  "heldout_z": 6.9115774358341815,
  "n_heldout_shuffles": 8,
  "null_seconds": 90.8
}