{
  "ITT": {
    "target": "toward_Th1",
    "condition": "Rest",
    "arm": "ITT",
    "n_readout": 6188,
    "n_generators": 6871,
    "n_generators_full": 6871,
    "n_dropped": 0,
    "reachable_cosine": 0.6266290274312786,
    "residual_norm": 0.7793176900215535,
    "lof_fraction": 0.39266393801947014,
    "gof_fraction": 0.25349258987294027,
    "neither_fraction": 0.35384347210758993,
    "signed_cosine": 0.8065599069011596,
    "kkt_viol": 1.0128869542291165e-11,
    "recipe": [
      "LAT2",
      "APPBP2",
      "RARA",
      "ICOS",
      "SNAP23",
      "SNX4",
      "VTI1A",
      "HPS1",
      "MUTYH",
      "HEXIM1",
      "SLC39A1",
      "MTFR1L"
    ],
    "recipe_compliance": [
      0.7978556093064485,
      0.8813197988257897,
      0.6276080129663738,
      0.8059339918403705,
      0.7425586100943793,
      0.9467234564259864,
      0.8548050646781036,
      0.8867553580151568,
      0.880892083039112,
      0.8059707150373107,
      0.8700906487357177,
      0.9353528211230075
    ]
  },
  "valid_instrument": {
    "target": "toward_Th1",
    "condition": "Rest",
    "arm": "valid_instrument",
    "n_readout": 6188,
    "n_generators": 6861,
    "n_generators_full": 6871,
    "n_dropped": 10,
    "reachable_cosine": 0.6263935129187906,
    "residual_norm": 0.7795070025171406,
    "lof_fraction": 0.39236883302674225,
    "gof_fraction": 0.2536249760036674,
    "neither_fraction": 0.35400619096959,
    "signed_cosine": 0.8064647765272017,
    "kkt_viol": 3.135253242007053e-11,
    "recipe": [
      "LAT2",
      "APPBP2",
      "RARA",
      "ICOS",
      "SNAP23",
      "SNX4",
      "VTI1A",
      "HPS1",
      "MUTYH",
      "HEXIM1",
      "SLC39A1",
      "MTFR1L"
    ],
    "recipe_compliance": [
      0.7978556093064485,
      0.8813197988257897,
      0.6276080129663738,
      0.8059339918403705,
      0.7425586100943793,
      0.9467234564259864,
      0.8548050646781036,
      0.8867553580151568,
      0.880892083039112,
      0.8059707150373107,
      0.8700906487357177,
      0.9353528211230075
    ]
  },
  "late_rescaling": {
    "cos_ITT": 0.6266290274312786,
    "cos_LATE": 0.6266290274312788,
    "abs_delta": 2.220446049250313e-16,
    "scale_median": 1.1455257695250054,
    "scale_max": 16.6803895180064
  },
  "delta_cosine": -0.0002355145124879332,
  "seconds": 220.9
}