{
  "target": "toward_younger",
  "condition": "Stim8hr",
  "n_readout": 6014,
  "n_generators": 7155,
  "reachable_cosine": 0.5884804039690821,
  "residual_norm": 0.8085114805272622,
  "lof_fraction": 0.34630918585561393,
  "gof_fraction": 0.22789607918603988,
  "neither_fraction": 0.42579473495834586,
  "signed_cosine": 0.7632725895954856,
  "kkt_viol": 6.1993981893620795e-12,
  "lof_support_size": 813,
  "gof_support_size": 1202,
  "greedy_order": [
    "TRIT1",
    "HVCN1",
    "PAN3",
    "ALKBH1",
    "RELA",
    "VANGL1",
    "CENPB",
    "STK17A",
    "UBL4A",
    "BID"
  ],
  "seconds": 46.4
}