{
  "target": "toward_younger",
  "condition": "Stim48hr",
  "n_readout": 6014,
  "n_generators": 7195,
  "reachable_cosine": 0.5970152091936841,
  "residual_norm": 0.8022299171630424,
  "lof_fraction": 0.35642716000857816,
  "gof_fraction": 0.23161627271148671,
  "neither_fraction": 0.4119565672799349,
  "signed_cosine": 0.7738157170524192,
  "kkt_viol": 5.5836091693961504e-12,
  "lof_support_size": 852,
  "gof_support_size": 1239,
  "greedy_order": [
    "SLC9A1",
    "ATXN2",
    "MFSD10",
    "PLIN3",
    "SLC35F5",
    "PPP1R7",
    "UAP1L1",
    "ZC3H12D",
    "ERG28",
    "PHF3"
  ],
  "seconds": 48.1
}