{
  "target": "toward_Th2",
  "condition": "Stim48hr",
  "n_readout": 6188,
  "n_generators": 7195,
  "reachable_cosine": 0.5299676411768143,
  "residual_norm": 0.8480178649683526,
  "lof_fraction": 0.2808657006945165,
  "gof_fraction": 0.2607190321747688,
  "neither_fraction": 0.45841526713071473,
  "signed_cosine": 0.7430418350516554,
  "kkt_viol": 1.135577421558271e-11,
  "lof_support_size": 797,
  "gof_support_size": 1264,
  "greedy_order": [
    "RSBN1L",
    "TMSB15B",
    "IRF1",
    "TAFAZZIN",
    "ENTPD7",
    "IRF9",
    "SERPINB1",
    "UFM1",
    "TSNARE1",
    "VKORC1"
  ],
  "seconds": 49.5
}