{
  "target": "toward_older",
  "condition": "Rest",
  "n_readout": 6014,
  "n_generators": 6871,
  "reachable_cosine": 0.5963882768571203,
  "residual_norm": 0.8026960964321395,
  "lof_fraction": 0.35567897677260557,
  "gof_fraction": 0.2487372495939912,
  "neither_fraction": 0.3955837736334033,
  "signed_cosine": 0.7806270147130088,
  "kkt_viol": 2.9428052182970757e-12,
  "lof_support_size": 651,
  "gof_support_size": 1253,
  "greedy_order": [
    "C1D",
    "SMG1",
    "SUPT7L",
    "TARS2",
    "UBA2",
    "C19orf47",
    "DCP2",
    "PLEKHA8",
    "BRF2",
    "DDX1"
  ],
  "seconds": 41.8
}