{
 "meta": {
  "dataset": "GWCD4i CRISPRi Perturb-seq \u00b7 primary human CD4+ T cells",
  "matrix": "33,983 perturbation-condition profiles \u00d7 10,282 readout genes",
  "headline": "Th2\u2192Th1, Rest"
 },
 "geometry": {
  "target": [
   0.6266290274312786,
   0.7793176900215533
  ],
  "fitted": [
   0.6266290274312787,
   -7.823319589254487e-17
  ],
  "origin": [
   0.0,
   0.0
  ],
  "gens_recipe": {
   "ICOS": [
    0.18695225032447751,
    1.760481458166742e-16
   ],
   "C2CD5": [
    0.043577037959139836,
    -6.356318483070338e-17
   ],
   "ADCK2": [
    0.04113567133321821,
    7.16749401664969e-17
   ],
   "VTI1A": [
    0.08816653536376923,
    -8.308019598467083e-17
   ],
   "FBXW7": [
    0.06911633961914997,
    -3.001162763848371e-17
   ],
   "FAM91A1": [
    0.12150050779329562,
    3.4273968177447295e-18
   ],
   "AKR1C3": [
    0.14737089184076232,
    -2.5904135114876506e-18
   ],
   "BCL9L": [
    0.053558588200193255,
    8.412916455075473e-17
   ],
   "PIGS": [
    0.10483324814427042,
    3.4606967457460425e-19
   ],
   "APPBP2": [
    0.16024314265546322,
    -1.770172626414775e-16
   ],
   "MUTYH": [
    0.06098102778493856,
    -1.5745363053397577e-16
   ],
   "MAGED2": [
    0.06251499566426683,
    1.610327275850592e-17
   ]
  },
  "gens_bg": [
   [
    -0.02824474398393436,
    -0.007363686605322828
   ],
   [
    -0.011496525339267887,
    -0.006187337040617204
   ],
   [
    -0.0442097930287886,
    6.485974630637753e-17
   ],
   [
    -0.03079733257720452,
    -0.022077147854982757
   ],
   [
    -0.003995956933887213,
    -0.012068475736143409
   ],
   [
    0.09303564200224365,
    -2.1146226641317587e-17
   ],
   [
    -0.02392119230183034,
    -0.01988371826649054
   ],
   [
    0.05294553281032704,
    -7.879687799992969e-17
   ],
   [
    -0.04525728121425912,
    -0.01577421263980141
   ],
   [
    -0.02566950286367956,
    -0.007046211420736189
   ],
   [
    -0.0008418086823225335,
    -0.014558259851106077
   ],
   [
    0.013900057196967384,
    -0.0023630503865462262
   ],
   [
    -0.004403118554001799,
    -3.971765840024074e-17
   ],
   [
    0.02890456683090505,
    -0.014463707602684334
   ],
   [
    -0.0349075395907961,
    -0.0018639297193601577
   ],
   [
    -0.013204326846979534,
    -0.008699349106998124
   ],
   [
    0.015567744796668014,
    -0.004506089853304985
   ],
   [
    0.03646528820758366,
    -0.020548742469620067
   ],
   [
    0.02078546456430791,
    -0.001153618451886827
   ],
   [
    0.01861815707657905,
    -0.01967297553947686
   ],
   [
    0.028644153901186114,
    -0.0033521591142916876
   ],
   [
    0.018615714054199647,
    -0.012619245026533995
   ],
   [
    -0.0629828959703702,
    -0.022272956119413146
   ],
   [
    0.0944961951227893,
    -0.0014635643230508204
   ],
   [
    -0.007234893916316174,
    -0.0020296709737138412
   ],
   [
    0.05451568753811588,
    -0.005316392385821951
   ],
   [
    -0.03332221494165628,
    -0.012527264219653556
   ],
   [
    -0.01557673758873012,
    -0.028438955679087354
   ],
   [
    -0.029233076776450807,
    -0.01629753328794264
   ],
   [
    -0.03483422359398951,
    -0.015452683917415761
   ],
   [
    0.05268227995604706,
    -0.00382585188728494
   ],
   [
    0.03906480989439916,
    -0.008649989085876693
   ],
   [
    -0.0035679871984019324,
    -0.010873003728956396
   ],
   [
    -0.0025849108482202485,
    -0.023311587099415065
   ],
   [
    0.02891143511258574,
    -0.02160474735130369
   ],
   [
    0.012517730742967755,
    -0.01544747854424661
   ],
   [
    0.031009930036407528,
    -0.008051701268120885
   ],
   [
    0.09199419351491635,
    -0.0317107584687877
   ],
   [
    0.028621175592437063,
    -0.017124532273336032
   ],
   [
    0.011541078398453022,
    -0.008088650653183038
   ],
   [
    0.044991798575592726,
    -4.0777058037508004e-17
   ],
   [
    -0.028563479939022487,
    -0.011692091986022194
   ],
   [
    0.036647685463908085,
    -0.010903306050994628
   ],
   [
    -0.016702448048495612,
    -0.026088730547365723
   ],
   [
    0.01770844700974882,
    -6.920373255182687e-17
   ],
   [
    0.05239634258623147,
    -0.0008608591019702816
   ],
   [
    -0.007303777820947651,
    -0.012967662509394297
   ],
   [
    0.04857018857259579,
    -0.013123499879345663
   ],
   [
    0.0164394678927615,
    -0.0182519169157683
   ],
   [
    0.02692006329263403,
    -0.0211146003308972
   ],
   [
    0.08096892547186664,
    -0.00395193638692733
   ],
   [
    0.030199178457901314,
    -0.026796327337331744
   ],
   [
    0.06626783569082055,
    -0.010479830554179797
   ],
   [
    0.04256178636163591,
    -0.01924144140927022
   ],
   [
    -0.014457286517064342,
    -0.009444720955822569
   ],
   [
    0.042362650399688555,
    -0.0029970072057762314
   ],
   [
    -0.03667307291098829,
    -0.004375082759661025
   ],
   [
    -0.0441959688156432,
    -0.010616605677242314
   ],
   [
    0.03913459980154337,
    -0.007384859309654314
   ],
   [
    0.023308257108537827,
    -0.01507836165170245
   ]
  ],
  "reachable_cosine": 0.6266,
  "residual_norm": 0.7793,
  "in_cone_fraction": 0.6266
 },
 "spectrum": {
  "k": [
   1,
   2,
   3,
   4,
   5,
   6,
   7,
   8,
   9,
   10,
   11,
   12,
   13,
   14,
   15
  ],
  "cosine": [
   0.2255,
   0.2892,
   0.3245,
   0.3556,
   0.3791,
   0.392,
   0.4022,
   0.4119,
   0.4208,
   0.4298,
   0.4358,
   0.4416,
   0.4472,
   0.4525,
   0.4574
  ],
  "null_p99": [
   0.0578,
   0.074,
   0.086,
   0.0966,
   0.1057,
   0.1146,
   0.1216,
   0.1284,
   0.1351,
   0.1407,
   0.1456,
   0.1502,
   0.1544,
   0.1582,
   0.1624
  ],
  "genes": [
   "LAT2",
   "APPBP2",
   "RARA",
   "ICOS",
   "SNAP23",
   "SNX4",
   "VTI1A",
   "HEXIM1",
   "MUTYH",
   "HPS1",
   "MTFR1L",
   "MBD2",
   "PIGS",
   "SLC39A1",
   "AKIRIN2"
  ]
 },
 "atlas": [
  {
   "target": "toward_Th1",
   "condition": "Rest",
   "verdict": "PARTIALLY REACHABLE",
   "reachable_cosine": 0.627,
   "heldout_cosine": 0.446,
   "heldout_z": 45.0,
   "lof": 0.393,
   "gof": 0.254,
   "neither": 0.354,
   "n_gen": 6871,
   "kkt": "1e-11"
  },
  {
   "target": "toward_Th1",
   "condition": "Stim8hr",
   "verdict": "WEAKLY REACHABLE",
   "reachable_cosine": 0.523,
   "heldout_cosine": 0.293,
   "heldout_z": 12.7,
   "lof": 0.274,
   "gof": 0.261,
   "neither": 0.465,
   "n_gen": 7155,
   "kkt": "5e-12"
  },
  {
   "target": "toward_Th1",
   "condition": "Stim48hr",
   "verdict": "WEAKLY REACHABLE",
   "reachable_cosine": 0.533,
   "heldout_cosine": 0.299,
   "heldout_z": 21.8,
   "lof": 0.284,
   "gof": 0.263,
   "neither": 0.453,
   "n_gen": 7195,
   "kkt": "1e-11"
  },
  {
   "target": "toward_Th2",
   "condition": "Rest",
   "verdict": "PARTIALLY REACHABLE",
   "reachable_cosine": 0.643,
   "heldout_cosine": 0.458,
   "heldout_z": 20.9,
   "lof": 0.413,
   "gof": 0.235,
   "neither": 0.352,
   "n_gen": 6871,
   "kkt": "1e-11"
  },
  {
   "target": "toward_Th2",
   "condition": "Stim8hr",
   "verdict": "WEAKLY REACHABLE",
   "reachable_cosine": 0.537,
   "heldout_cosine": 0.304,
   "heldout_z": 20.4,
   "lof": 0.288,
   "gof": 0.249,
   "neither": 0.462,
   "n_gen": 7155,
   "kkt": "1e-11"
  },
  {
   "target": "toward_Th2",
   "condition": "Stim48hr",
   "verdict": "WEAKLY REACHABLE",
   "reachable_cosine": 0.53,
   "heldout_cosine": 0.259,
   "heldout_z": 12.6,
   "lof": 0.281,
   "gof": 0.261,
   "neither": 0.458,
   "n_gen": 7195,
   "kkt": "1e-11"
  },
  {
   "target": "toward_younger",
   "condition": "Rest",
   "verdict": "PARTIALLY REACHABLE",
   "reachable_cosine": 0.626,
   "heldout_cosine": 0.401,
   "heldout_z": 9.0,
   "lof": 0.392,
   "gof": 0.218,
   "neither": 0.39,
   "n_gen": 6871,
   "kkt": "5e-12"
  },
  {
   "target": "toward_younger",
   "condition": "Stim8hr",
   "verdict": "WEAKLY REACHABLE",
   "reachable_cosine": 0.589,
   "heldout_cosine": 0.349,
   "heldout_z": 4.7,
   "lof": 0.346,
   "gof": 0.228,
   "neither": 0.426,
   "n_gen": 7155,