{
  "method": "split-conformal (one-class / conformal-anomaly) selective certification on the CombiCone cone residual",
  "nonconformity_scores": {
    "floor_ratio": "residual_fraction / noise_floor from combicone.certify_emergence (analytic null); the two-bar verdict's effect-size quantity; needs split-half noise model",
    "residual_fraction": "raw cone residual fraction from reachability.project_cone; pure geometry, no noise model"
  },
  "calibration_set": {
    "type": "additive negative controls (known non-emergent by construction)",
    "construction": "atoms[i]+atoms[j] (real Norman single-gene atoms) + real per-gene split-half noise |t1-t2|/2 sampled from measured doubles",
    "n_pool_scored": 1200,
    "n_cal_used_in_coverage": 500,
    "real_atoms": 105,
    "real_doubles_available_as_noise_pool": 131
  },
  "score_distributions": {
    "floor_ratio": {
      "additive_NC": {
        "mean": 0.9726191711995996,
        "p50": 0.9751216979624053,
        "p95": 1.0589081983875008,
        "max": 1.1736110894488203
      },
      "real_doubles": {
        "mean": 1.6710423413738285,
        "p50": 1.6176819780797012,
        "p95": 2.353147663483167,
        "max": 3.5079662218089362
      }
    },
    "residual_fraction": {
      "additive_NC": {
        "mean": 0.20478664181163145,
        "p50": 0.1755926855226525,
        "p95": 0.4265186591576274,
        "max": 0.7399803840486633
      },
      "real_doubles": {
        "mean": 0.331489028667817,
        "p50": 0.31321068010966124,
        "p95": 0.5017682031328908,
        "max": 0.770749103019415
      }
    }
  },
  "coverage_curve": {
    "alphas": [
      0.01,
      0.02,
      0.03,
      0.04,
      0.05,
      0.06,
      0.07,
      0.08,
      0.09,
      0.1,
      0.11,
      0.12,
      0.13,
      0.14,
      0.15,
      0.16,
      0.17,
      0.18,
      0.19,
      0.2,
      0.21,
      0.22,
      0.23,
      0.24,
      0.25,
      0.26,
      0.27,
      0.28,
      0.29,
      0.3,
      0.31,
      0.32,
      0.33,
      0.34,
      0.35,
      0.36,
      0.37,
      0.38,
      0.39,
      0.4,
      0.41,
      0.42,
      0.43,
      0.44,
      0.45,
      0.46,
      0.47,
      0.48,
      0.49,
      0.5
    ],
    "floor_ratio_realized_fcr": [
      0.009911428571428557,
      0.020117142857142847,
      0.03023714285714287,
      0.04002285714285712,
      0.05028285714285707,
      0.06040285714285714,
      0.07029428571428573,
      0.08048285714285716,
      0.0900885714285714,
      0.09976571428571421,
      0.10985714285714283,
      0.1195,
      0.12928000000000006,
      0.13871142857142868,
      0.1487,
      0.15882571428571451,
      0.16893142857142882,
      0.17917714285714278,
      0.18885142857142856,
      0.1989628571428569,
      0.20960571428571423,
      0.2194571428571427,
      0.2294114285714284,
      0.23929999999999974,
      0.24909142857142852,
      0.25887428571428606,
      0.26873714285714306,
      0.2787200000000001,
      0.2885857142857146,
      0.2984085714285718,
      0.3082628571428576,
      0.3184885714285717,
      0.3282628571428571,
      0.3380142857142864,
      0.3482571428571434,
      0.35842571428571457,
      0.36827142857142886,
      0.37827142857142876,
      0.38778000000000007,
      0.39812571428571364,
      0.4079142857142851,
      0.41765714285714206,
      0.4274114285714279,
      0.4375485714285701,
      0.44725999999999905,
      0.45718857142857033,
      0.46744857142857044,
      0.47755999999999976,
      0.4871085714285708,
      0.4968114285714285
    ],
    "floor_ratio_se": [
      0.0002484413124145935,
      0.0003567613734010738,
      0.00045495208987500295,
      0.0005142529513373586,
      0.000585410360171323,
      0.0006496795945003993,
      0.0006772681137918596,
      0.0007387240958544125,
      0.0007568521166850313,
      0.0007755790568790445,
      0.0008111921184659187,
      0.0008412612009139991,
      0.0008725051523150601,
      0.0008930306025791374,
      0.000911329819997308,
      0.0009294332615928388,
      0.0009570543583819883,
      0.0009655118638233674,
      0.000993615504824965,
      0.001014826664600253,
      0.001045057998585803,
      0.0010445731478572922,
      0.0010687667048461776,
      0.0010846195608768701,
      0.0011077602039194924,
      0.001132184192125096,
      0.0011293533349231494,
      0.0011451284287656762,
      0.0011665506453486124,
      0.0011675563247349452,
      0.0011877698945709047,
      0.0012003853734938452,
      0.0012279954530262144,
      0.0012290528956917035,
      0.0012357524354144138,
      0.0012259500206212434,
      0.0012414966280868511,
      0.0012367335185553788,
      0.0012482135544653484,
      0.001265283151338555,
      0.001258947406140769,
      0.0012615157711326186,
      0.0012793950356097441,
      0.001305528814585985,
      0.0013224209030781233,
      0.0013258235422959276,
      0.001327898760586569,
      0.0013491868087473857,
      0.0013433789624430973,
      0.0013356862884766345
    ],
    "residual_fraction_realized_fcr": [
      0.009759999999999994,
      0.02006285714285713,
      0.030202857142857156,
      0.04015142857142853,
      0.04982285714285708,
      0.05978857142857144,
      0.0696571428571429,
      0.07980571428571434,
      0.08999714285714275,
      0.1005142857142857,
      0.11041714285714292,
      0.12044000000000006,
      0.13008857142857141,
      0.14006000000000005,
      0.14963142857142872,
      0.15931142857142874,
      0.1691428571428572,
      0.17877428571428572,
      0.18896285714285704,
      0.19896857142857138,
      0.2089114285714283,
      0.21874857142857101,
      0.22898285714285693,
      0.23898857142857116,
      0.24895714285714293,
      0.2591571428571429,
      0.26884571428571485,
      0.27884857142857195,
      0.2890257142857149,
      0.2992171428571438,
      0.30915428571428616,
      0.31928285714285765,
      0.32901142857142907,
      0.3389257142857146,
      0.3485914285714294,
      0.3587514285714289,
      0.36871714285714285,
      0.3781800000000001,
      0.3882285714285711,
      0.3980685714285702,
      0.4079999999999994,
      0.41780857142857064,
      0.4277285714285704,
      0.4379999999999991,
      0.44786285714285623,
      0.45766571428571345,
      0.46794285714285627,
      0.47789428571428516,
      0.48792857142857093,
      0.4977828571428572
    ],
    "residual_fraction_se": [
      0.000264403649361953,
      0.0003880777536230886,
      0.0004620179164296997,
      0.0005506017635649349,
      0.0005864616277441582,
      0.000645265634274374,
      0.000662938418662529,
      0.0007044392878056136,
      0.0007439497349708953,
      0.0007834471186717722,
      0.0008085530941889023,
      0.0008453791227753909,
      0.0008818768390107954,
      0.000899397158645496,
      0.0009230195257403608,
      0.0009314848273984225,
      0.0009603060736567493,
      0.0009674410513075748,
      0.0010024682273961497,
      0.0010114219450953238,
      0.00102604721218502,
      0.0010210851050900386,
      0.0010386353998769501,
      0.001060871293815049,
      0.0010692303163433753,
      0.0010905342259457903,
      0.0010839066455772515,
      0.0011011244049161928,
      0.001117491498392533,
      0.0011260327613314962,
      0.0011376838913928127,
      0.0011383374844796369,
      0.0011675565554627658,
      0.0011845303831356242,
      0.0011887118804377618,
      0.0011945695561539297,
      0.0011990533613085387,
      0.0011899767173163957,
      0.0011914292565945262,
      0.0012034916819701875,
      0.0012293950727483665,
      0.0012475491794322344,
      0.0012566263549354552,
      0.0012599773240589923,
      0.0012425680846126538,
      0.0012497118753651065,
      0.0012673456110939851,
      0.0012734547643064096,
      0.0012766210183487482,
      0.0012670249518345828
    ],