{
  "method": "disjoint greedy peeling \u2014 run greedy recipe, forbid its generators, re-run",
  "condition": "Stim48hr",
  "k_per_recipe": 8,
  "n_recipes": 4,
  "targets": {
    "Th1": [
      {
        "rank": 1,
        "genes": [
          "ATF7IP2",
          "FBXO32",
          "RARA",
          "HPS1",
          "KIF5B",
          "GORASP2",
          "HEXIM1",
          "FKBP14"
        ],
        "cosine_at_k": 0.2949133496770405,
        "cosine_curve": [
          0.15637760039105536,
          0.19761532136687765,
          0.22632625938407822,
          0.2519971393443652,
          0.265107409676224,
          0.27711653250954843,
          0.28673135969034036,
          0.2949133496770405
        ]
      },
      {
        "rank": 2,
        "genes": [
          "TMEM263",
          "ATF7IP",
          "ICOS",
          "PPRC1",
          "USP22",
          "STRADB",
          "PIGP",
          "APPBP2"
        ],
        "cosine_at_k": 0.26684600391115404,
        "cosine_curve": [
          0.13553868137190447,
          0.1743023003041515,
          0.19917315085440712,
          0.2169944914219677,
          0.23191460867189523,
          0.24536098913191529,
          0.256607225000803,
          0.26684600391115404
        ]
      },
      {
        "rank": 3,
        "genes": [
          "BICD1",
          "INPP5D",
          "LCORL",
          "FXYD5",
          "IRGQ",
          "KIFAP3",
          "AGTPBP1",
          "RNF141"
        ],
        "cosine_at_k": 0.2522541968678594,
        "cosine_curve": [
          0.12543343450861394,
          0.1618492750198153,
          0.18635592590499966,
          0.20339112809877558,
          0.21796575112973823,
          0.230873406643719,
          0.24158883092157357,
          0.2522541968678594
        ]
      },
      {
        "rank": 4,
        "genes": [
          "STAT6",
          "ZNF408",
          "MTERF2",
          "CHD4",
          "ARFGAP2",
          "RBAK",
          "SETDB1",
          "RGCC"
        ],
        "cosine_at_k": 0.2446626773119854,
        "cosine_curve": [
          0.12017436440959603,
          0.15810199335202893,
          0.18272839234780902,
          0.19983562024885496,
          0.21440594132875582,
          0.22515765566208837,
          0.23595620017537522,
          0.2446626773119854
        ]
      }
    ],
    "Th2": [
      {
        "rank": 1,
        "genes": [
          "RSBN1L",
          "TMSB15B",
          "IRF1",
          "TAFAZZIN",
          "ENTPD7",
          "IRF9",
          "SERPINB1",
          "UFM1"
        ],
        "cosine_at_k": 0.29279097765609197,
        "cosine_curve": [
          0.1376487686898797,
          0.18745479036947,
          0.21641285671109772,
          0.2457455314719472,
          0.2605903781040955,
          0.27208297319528923,
          0.283926455028811,
          0.29279097765609197
        ]
      },
      {
        "rank": 2,
        "genes": [
          "FRS3",
          "MLST8",
          "JAK2",
          "MAPK14",
          "SNX33",
          "RCN3",
          "NCOA3",
          "OASL"
        ],
        "cosine_at_k": 0.2459282864171241,
        "cosine_curve": [
          0.123308242827911,
          0.15712947860500528,
          0.17826313507346117,
          0.19532680338892025,
          0.21249534851042895,
          0.22596023488566902,
          0.23623611463784472,
          0.2459282864171241
        ]
      },
      {
        "rank": 3,
        "genes": [
          "HELZ2",
          "NLRC5",
          "AVEN",
          "GBP5",
          "TMEM260",
          "DET1",
          "MAP2K3",
          "TSNARE1"
        ],
        "cosine_at_k": 0.23709879725072908,
        "cosine_curve": [
          0.11175954261341088,
          0.14626271006253455,
          0.16904710995324015,
          0.18573916199793353,
          0.20145487634722906,
          0.21431794084103664,
          0.226632155040371,
          0.23709879725072908
        ]
      },
      {
        "rank": 4,
        "genes": [
          "ARHGAP30",
          "STK36",
          "FBXO11",
          "TRAF3",
          "ARID1A",
          "ARL8A",
          "STAG1",
          "EMD"
        ],
        "cosine_at_k": 0.233583973255036,
        "cosine_curve": [
          0.10773082302240897,
          0.14498798293118245,
          0.16712383641303186,
          0.1860151963325432,
          0.20025724006239312,
          0.21258046015060708,
          0.22390855167367094,
          0.233583973255036
        ]
      }
    ],
    "younger": [
      {
        "rank": 1,
        "genes": [
          "SLC9A1",
          "ATXN2",
          "MFSD10",
          "PLIN3",
          "SLC35F5",
          "PPP1R7",
          "UAP1L1",
          "ZC3H12D"
        ],
        "cosine_at_k": 0.344063098658366,
        "cosine_curve": [
          0.19678784963998042,
          0.2503543076041165,
          0.2766969738343737,
          0.29705534291200186,
          0.30978934136955105,
          0.32218423154566156,
          0.3337152243824892,
          0.344063098658366
        ]
      },
      {
        "rank": 2,
        "genes": [
          "SMIM7",
          "CLPP",
          "PGP",
          "ZYG11B",
          "CYB561D2",
          "TMSB15B",
          "TXNRD2",
          "UBR2"
        ],
        "cosine_at_k": 0.3191384848136202,
        "cosine_curve": [
          0.16321228890286194,
          0.20868712481338728,
          0.2371183453850528,
          0.2606504717476619,
          0.27974176381568966,
          0.29403542921268244,
          0.3071790102740435,
          0.3191384848136202
        ]
      },
      {
        "rank": 3,
        "genes": [
          "NRBP1",
          "DEPDC5",
          "ZNF718",
          "PHF3",
          "ERG28",
          "IER3",
          "RANBP10",
          "PRDM15"
        ],
        "cosine_at_k": 0.30148606996866595,
        "cosine_curve": [
          0.1524044985309149,
          0.19255539500116264,
          0.2245059459046542,
          0.24652072297238167,
          0.2624890137578868,
          0.2770434405405101,
          0.28975193934110327,
          0.30148606996866595
        ]
      },
      {
        "rank": 4,
        "genes": [
          "TBC1D14",
          "TNNC1",
          "PAN3",
          "SDR39U1",
          "PRNP",
          "TMEM104",
          "TYW3",
          "ZNF224"
        ],
        "cosine_at_k": 0.2959788263489933,
        "cosine_curve": [
          0.15023627130549597,
          0.1909006617925346,
          0.2191786315488879,
          0.2396239079027429,
          0.2572102949496924,
          0.27172000561196785,
          0.2841104680871002,
          0.2959788263489933
        ]
      }
    ],
    "older": [
      {
        "rank": 1,
        "genes": [
          "ZAP70",
          "SMG1",
          "CROT",
          "WDFY1",
          "CD5",
          "C1D",
          "KEAP1",
          "MLLT6"
        ],
        "cosine_at_k": 0.3828910740027546,
        "cosine_curve": [
          0.27909765933877306,
          0.31159787098950836,
          0.33082435966631896,
          0.34634954349424474,
          0.35794443649754465,
          0.36843787677971607,
          0.3763128300490367,
          0.3828910740027546
        ]
      },
      {
        "rank": 2,
        "genes": [
          "CD3E",
          "ATF7IP2",
          "GPR108",
          "ARHGAP30",
          "SMG9",
          "TRIM14",
          "KYAT1",
          "MTHFD1"
        ],
        "cosine_at_k": 0.3820047943126946,
        "cosine_curve": [
          0.2790757142470239,
          0.30889232604634387,
          0.3284147168092199,
          0.3452399560921792,
          0.3574927495070418,
          0.3667837575802703,
          0.37406613312518583,
          0.3820047943126946
        ]
      },
      {
        "rank": 3,